Workbook

Sheet Course Roadmap
A1: ID | B1: Phase | C1: Module | D1: Topic | E1: Priority | F1: Level | G1: Overview Prompt | H1: Detailed Prompt Template | I1: Hands-on Task | J1: Deliverable / Evidence | K1: Interview Skills | L1: Status | M1: Confidence (1-5) | N1: Hours Est. | O1: Target Week | P1: Notes
A2: P001 | B2: Phase 1 | C2: Python Foundations | D2: Python syntax, variables, types and control flow | E2: High | F2: Foundation | G2: Teach me Python syntax, variables, types and control flow as part of an enterprise AI Agent Engineering course. Assume I am an experienced full-stack technical lead moving toward AI Engineer, FDE and Solution Architect roles. Use minimal theory, practical Python examples, architecture, debugging, common mistakes and interview relevance. | H2: Create a detailed learning session for Python syntax, variables, types and control flow. Start with a simple mental model, then architecture and terminology. Use Python/FastAPI/LLM/agent examples where relevant. Show production-quality code incrementally and explain important lines. Include debugging steps, hands-on exercise, expected output, tests, failure cases, security/performance considerations, 3 beginner, 3 intermediate and 3 advanced interview questions, plus a mini challenge. Finish with a revision sheet and interview explanation. | I2: Implement or demonstrate Python syntax, variables, types and control flow in the AI-Learning-Agents repository and test it. | J2: Working code/demo + tests/notes + a clear interview explanation of Python syntax, variables, types and control flow. | K2: Explain Python syntax, variables, types and control flow, why it is used, alternatives, trade-offs, failure modes and how you implemented/would implement it. | L2: Done | M2: 0 | N2: 2 | O2: 1
A3: P002 | B3: Phase 1 | C3: Python Foundations | D3: Functions, parameters, return values and scope | E3: High | F3: Foundation | G3: Teach me Functions, parameters, return values and scope as part of an enterprise AI Agent Engineering course. Assume I am an experienced full-stack technical lead moving toward AI Engineer, FDE and Solution Architect roles. Use minimal theory, practical Python examples, architecture, debugging, common mistakes and interview relevance. | H3: Create a detailed learning session for Functions, parameters, return values and scope. Start with a simple mental model, then architecture and terminology. Use Python/FastAPI/LLM/agent examples where relevant. Show production-quality code incrementally and explain important lines. Include debugging steps, hands-on exercise, expected output, tests, failure cases, security/performance considerations, 3 beginner, 3 intermediate and 3 advanced interview questions, plus a mini challenge. Finish with a revision sheet and interview explanation. | I3: Implement or demonstrate Functions, parameters, return values and scope in the AI-Learning-Agents repository and test it. | J3: Working code/demo + tests/notes + a clear interview explanation of Functions, parameters, return values and scope. | K3: Explain Functions, parameters, return values and scope, why it is used, alternatives, trade-offs, failure modes and how you implemented/would implement it. | L3: Done | M3: 0 | N3: 2 | O3: 1
A4: P003 | B4: Phase 1 | C4: Python Foundations | D4: Collections and comprehensions | E4: High | F4: Foundation | G4: Teach me Collections and comprehensions as part of an enterprise AI Agent Engineering course. Assume I am an experienced full-stack technical lead moving toward AI Engineer, FDE and Solution Architect roles. Use minimal theory, practical Python examples, architecture, debugging, common mistakes and interview relevance. | H4: Create a detailed learning session for Collections and comprehensions. Start with a simple mental model, then architecture and terminology. Use Python/FastAPI/LLM/agent examples where relevant. Show production-quality code incrementally and explain important lines. Include debugging steps, hands-on exercise, expected output, tests, failure cases, security/performance considerations, 3 beginner, 3 intermediate and 3 advanced interview questions, plus a mini challenge. Finish with a revision sheet and interview explanation. | I4: Implement or demonstrate Collections and comprehensions in the AI-Learning-Agents repository and test it. | J4: Working code/demo + tests/notes + a clear interview explanation of Collections and comprehensions. | K4: Explain Collections and comprehensions, why it is used, alternatives, trade-offs, failure modes and how you implemented/would implement it. | L4: Not Started | M4: 0 | N4: 2 | O4: 1
A5: P004 | B5: Phase 1 | C5: Python Foundations | D5: Exceptions and defensive coding | E5: High | F5: Foundation | G5: Teach me Exceptions and defensive coding as part of an enterprise AI Agent Engineering course. Assume I am an experienced full-stack technical lead moving toward AI Engineer, FDE and Solution Architect roles. Use minimal theory, practical Python examples, architecture, debugging, common mistakes and interview relevance. | H5: Create a detailed learning session for Exceptions and defensive coding. Start with a simple mental model, then architecture and terminology. Use Python/FastAPI/LLM/agent examples where relevant. Show production-quality code incrementally and explain important lines. Include debugging steps, hands-on exercise, expected output, tests, failure cases, security/performance considerations, 3 beginner, 3 intermediate and 3 advanced interview questions, plus a mini challenge. Finish with a revision sheet and interview explanation. | I5: Implement or demonstrate Exceptions and defensive coding in the AI-Learning-Agents repository and test it. | J5: Working code/demo + tests/notes + a clear interview explanation of Exceptions and defensive coding. | K5: Explain Exceptions and defensive coding, why it is used, alternatives, trade-offs, failure modes and how you implemented/would implement it. | L5: Not Started | M5: 0 | N5: 2 | O5: 1
A6: P005 | B6: Phase 1 | C6: Python Foundations | D6: Modules, packages and imports | E6: High | F6: Foundation | G6: Teach me Modules, packages and imports as part of an enterprise AI Agent Engineering course. Assume I am an experienced full-stack technical lead moving toward AI Engineer, FDE and Solution Architect roles. Use minimal theory, practical Python examples, architecture, debugging, common mistakes and interview relevance. | H6: Create a detailed learning session for Modules, packages and imports. Start with a simple mental model, then architecture and terminology. Use Python/FastAPI/LLM/agent examples where relevant. Show production-quality code incrementally and explain important lines. Include debugging steps, hands-on exercise, expected output, tests, failure cases, security/performance considerations, 3 beginner, 3 intermediate and 3 advanced interview questions, plus a mini challenge. Finish with a revision sheet and interview explanation. | I6: Implement or demonstrate Modules, packages and imports in the AI-Learning-Agents repository and test it. | J6: Working code/demo + tests/notes + a clear interview explanation of Modules, packages and imports. | K6: Explain Modules, packages and imports, why it is used, alternatives, trade-offs, failure modes and how you implemented/would implement it. | L6: Done | M6: 0 | N6: 2 | O6: 1
A7: P006 | B7: Phase 1 | C7: Python Foundations | D7: Virtual environments and dependency management | E7: High | F7: Foundation | G7: Teach me Virtual environments and dependency management as part of an enterprise AI Agent Engineering course. Assume I am an experienced full-stack technical lead moving toward AI Engineer, FDE and Solution Architect roles. Use minimal theory, practical Python examples, architecture, debugging, common mistakes and interview relevance. | H7: Create a detailed learning session for Virtual environments and dependency management. Start with a simple mental model, then architecture and terminology. Use Python/FastAPI/LLM/agent examples where relevant. Show production-quality code incrementally and explain important lines. Include debugging steps, hands-on exercise, expected output, tests, failure cases, security/performance considerations, 3 beginner, 3 intermediate and 3 advanced interview questions, plus a mini challenge. Finish with a revision sheet and interview explanation. | I7: Implement or demonstrate Virtual environments and dependency management in the AI-Learning-Agents repository and test it. | J7: Working code/demo + tests/notes + a clear interview explanation of Virtual environments and dependency management. | K7: Explain Virtual environments and dependency management, why it is used, alternatives, trade-offs, failure modes and how you implemented/would implement it. | L7: Done | M7: 0 | N7: 2 | O7: 1
A8: P007 | B8: Phase 1 | C8: Python Foundations | D8: Type hints, dataclasses and Pydantic | E8: High | F8: Foundation | G8: Teach me Type hints, dataclasses and Pydantic as part of an enterprise AI Agent Engineering course. Assume I am an experienced full-stack technical lead moving toward AI Engineer, FDE and Solution Architect roles. Use minimal theory, practical Python examples, architecture, debugging, common mistakes and interview relevance. | H8: Create a detailed learning session for Type hints, dataclasses and Pydantic. Start with a simple mental model, then architecture and terminology. Use Python/FastAPI/LLM/agent examples where relevant. Show production-quality code incrementally and explain important lines. Include debugging steps, hands-on exercise, expected output, tests, failure cases, security/performance considerations, 3 beginner, 3 intermediate and 3 advanced interview questions, plus a mini challenge. Finish with a revision sheet and interview explanation. | I8: Implement or demonstrate Type hints, dataclasses and Pydantic in the AI-Learning-Agents repository and test it. | J8: Working code/demo + tests/notes + a clear interview explanation of Type hints, dataclasses and Pydantic. | K8: Explain Type hints, dataclasses and Pydantic, why it is used, alternatives, trade-offs, failure modes and how you implemented/would implement it. | L8: Not Started | M8: 0 | N8: 2 | O8: 2
A9: P008 | B9: Phase 1 | C9: Python Foundations | D9: Logging, configuration and environment variables | E9: High | F9: Foundation | G9: Teach me Logging, configuration and environment variables as part of an enterprise AI Agent Engineering course. Assume I am an experienced full-stack technical lead moving toward AI Engineer, FDE and Solution Architect roles. Use minimal theory, practical Python examples, architecture, debugging, common mistakes and interview relevance. | H9: Create a detailed learning session for Logging, configuration and environment variables. Start with a simple mental model, then architecture and terminology. Use Python/FastAPI/LLM/agent examples where relevant. Show production-quality code incrementally and explain important lines. Include debugging steps, hands-on exercise, expected output, tests, failure cases, security/performance considerations, 3 beginner, 3 intermediate and 3 advanced interview questions, plus a mini challenge. Finish with a revision sheet and interview explanation. | I9: Implement or demonstrate Logging, configuration and environment variables in the AI-Learning-Agents repository and test it. | J9: Working code/demo + tests/notes + a clear interview explanation of Logging, configuration and environment variables. | K9: Explain Logging, configuration and environment variables, why it is used, alternatives, trade-offs, failure modes and how you implemented/would implement it. | L9: Not Started | M9: 0 | N9: 2 | O9: 2
A10: P009 | B10: Phase 1 | C10: Python Foundations | D10: Unit testing with pytest | E10: High | F10: Foundation | G10: Teach me Unit testing with pytest as part of an enterprise AI Agent Engineering course. Assume I am an experienced full-stack technical lead moving toward AI Engineer, FDE and Solution Architect roles. Use minimal theory, practical Python examples, architecture, debugging, common mistakes and interview relevance. | H10: Create a detailed learning session for Unit testing with pytest. Start with a simple mental model, then architecture and terminology. Use Python/FastAPI/LLM/agent examples where relevant. Show production-quality code incrementally and explain important lines. Include debugging steps, hands-on exercise, expected output, tests, failure cases, security/performance considerations, 3 beginner, 3 intermediate and 3 advanced interview questions, plus a mini challenge. Finish with a revision sheet and interview explanation. | I10: Implement or demonstrate Unit testing with pytest in the AI-Learning-Agents repository and test it. | J10: Working code/demo + tests/notes + a clear interview explanation of Unit testing with pytest. | K10: Explain Unit testing with pytest, why it is used, alternatives, trade-offs, failure modes and how you implemented/would implement it. | L10: Not Started | M10: 0 | N10: 2 | O10: 2
A11: P010 | B11: Phase 1 | C11: Python Foundations | D11: Python debugging with VS Code/debugpy | E11: High | F11: Foundation | G11: Teach me Python debugging with VS Code/debugpy as part of an enterprise AI Agent Engineering course. Assume I am an experienced full-stack technical lead moving toward AI Engineer, FDE and Solution Architect roles. Use minimal theory, practical Python examples, architecture, debugging, common mistakes and interview relevance. | H11: Create a detailed learning session for Python debugging with VS Code/debugpy. Start with a simple mental model, then architecture and terminology. Use Python/FastAPI/LLM/agent examples where relevant. Show production-quality code incrementally and explain important lines. Include debugging steps, hands-on exercise, expected output, tests, failure cases, security/performance considerations, 3 beginner, 3 intermediate and 3 advanced interview questions, plus a mini challenge. Finish with a revision sheet and interview explanation. | I11: Implement or demonstrate Python debugging with VS Code/debugpy in the AI-Learning-Agents repository and test it. | J11: Working code/demo + tests/notes + a clear interview explanation of Python debugging with VS Code/debugpy. | K11: Explain Python debugging with VS Code/debugpy, why it is used, alternatives, trade-offs, failure modes and how you implemented/would implement it. | L11: Done | M11: 0 | N11: 2 | O11: 2
A12: P011 | B12: Phase 2 | C12: FastAPI | D12: Application structure and routing | E12: High | F12: Intermediate | G12: Teach me Application structure and routing as part of an enterprise AI Agent Engineering course. Assume I am an experienced full-stack technical lead moving toward AI Engineer, FDE and Solution Architect roles. Use minimal theory, practical Python examples, architecture, debugging, common mistakes and interview relevance. | H12: Create a detailed learning session for Application structure and routing. Start with a simple mental model, then architecture and terminology. Use Python/FastAPI/LLM/agent examples where relevant. Show production-quality code incrementally and explain important lines. Include debugging steps, hands-on exercise, expected output, tests, failure cases, security/performance considerations, 3 beginner, 3 intermediate and 3 advanced interview questions, plus a mini challenge. Finish with a revision sheet and interview explanation. | I12: Implement or demonstrate Application structure and routing in the AI-Learning-Agents repository and test it. | J12: Working code/demo + tests/notes + a clear interview explanation of Application structure and routing. | K12: Explain Application structure and routing, why it is used, alternatives, trade-offs, failure modes and how you implemented/would implement it. | L12: Done | M12: 0 | N12: 2 | O12: 2
A13: P012 | B13: Phase 2 | C13: FastAPI | D13: Request validation and Pydantic models | E13: High | F13: Intermediate | G13: Teach me Request validation and Pydantic models as part of an enterprise AI Agent Engineering course. Assume I am an experienced full-stack technical lead moving toward AI Engineer, FDE and Solution Architect roles. Use minimal theory, practical Python examples, architecture, debugging, common mistakes and interview relevance. | H13: Create a detailed learning session for Request validation and Pydantic models. Start with a simple mental model, then architecture and terminology. Use Python/FastAPI/LLM/agent examples where relevant. Show production-quality code incrementally and explain important lines. Include debugging steps, hands-on exercise, expected output, tests, failure cases, security/performance considerations, 3 beginner, 3 intermediate and 3 advanced interview questions, plus a mini challenge. Finish with a revision sheet and interview explanation. | I13: Implement or demonstrate Request validation and Pydantic models in the AI-Learning-Agents repository and test it. | J13: Working code/demo + tests/notes + a clear interview explanation of Request validation and Pydantic models. | K13: Explain Request validation and Pydantic models, why it is used, alternatives, trade-offs, failure modes and how you implemented/would implement it. | L13: Not Started | M13: 0 | N13: 2 | O13: 2
... A113: P112 | B113: Phase 16 | C113: Interview Preparation | D113: Final end-to-end mock interview and portfolio walkthrough | E113: High | F113: Expert | G113: Teach me Final end-to-end mock interview and portfolio walkthrough as part of an enterprise AI Agent Engineering course. Assume I am an experienced full-stack technical lead moving toward AI Engineer, FDE and Solution Architect roles. Use minimal theory, practical Python examples, architecture, debugging, common mistakes and interview relevance. | H113: Create a detailed learning session for Final end-to-end mock interview and portfolio walkthrough. Start with a simple mental model, then architecture and terminology. Use Python/FastAPI/LLM/agent examples where relevant. Show production-quality code incrementally and explain important lines. Include debugging steps, hands-on exercise, expected output, tests, failure cases, security/performance considerations, 3 beginner, 3 intermediate and 3 advanced interview questions, plus a mini challenge. Finish with a revision sheet and interview explanation. | I113: Implement or demonstrate Final end-to-end mock interview and portfolio walkthrough in the AI-Learning-Agents repository and test it. | J113: Working code/demo + tests/notes + a clear interview explanation of Final end-to-end mock interview and portfolio walkthrough. | K113: Explain Final end-to-end mock interview and portfolio walkthrough, why it is used, alternatives, trade-offs, failure modes and how you implemented/would implement it. | L113: Not Started | M113: 0 | N113: 2 | O113: 18

Sheet Dashboard
A1: AI Agent Engineering — Progress Dashboard
A3: Total Topics | B3: =COUNTA('Course Roadmap'!A2:A113) -> 112
A4: Completed | B4: =COUNTIF('Course Roadmap'!L2:L113,"Done") -> 21
A5: In Progress | B5: =COUNTIF('Course Roadmap'!L2:L113,"In Progress") -> 0
A6: Review | B6: =COUNTIF('Course Roadmap'!L2:L113,"Review") -> 0
A7: Overall Completion | B7: =IF(B3=0,0,B4/B3) -> 0.1875
A8: Average Confidence | B8: =IFERROR(AVERAGE('Course Roadmap'!M2:M113),0) -> 0
A10: Target Outcome | B10: Strong AI Engineer / FDE / Solution Architect interview readiness with a working agentic AI portfolio.
A12: Phase | B12: Total | C12: Done | D12: Completion
A14: Phase 1 | B14: =COUNTIF('Course Roadmap'!B2:B113,A14) -> 10 | C14: =COUNTIFS('Course Roadmap'!B2:B113,A14,'Course Roadmap'!L2:L113,"Done") -> 5 | D14: =IF(B14=0,0,C14/B14) -> 0.5
A15: Phase 2 | B15: =COUNTIF('Course Roadmap'!B2:B113,A15) -> 6 | C15: =COUNTIFS('Course Roadmap'!B2:B113,A15,'Course Roadmap'!L2:L113,"Done") -> 2 | D15: =IF(B15=0,0,C15/B15) -> 0.33333333
A16: Phase 3 | B16: =COUNTIF('Course Roadmap'!B2:B113,A16) -> 6 | C16: =COUNTIFS('Course Roadmap'!B2:B113,A16,'Course Roadmap'!L2:L113,"Done") -> 0 | D16: =IF(B16=0,0,C16/B16) -> 0
A17: Phase 4 | B17: =COUNTIF('Course Roadmap'!B2:B113,A17) -> 8 | C17: =COUNTIFS('Course Roadmap'!B2:B113,A17,'Course Roadmap'!L2:L113,"Done") -> 5 | D17: =IF(B17=0,0,C17/B17) -> 0.625
A18: Phase 5 | B18: =COUNTIF('Course Roadmap'!B2:B113,A18) -> 7 | C18: =COUNTIFS('Course Roadmap'!B2:B113,A18,'Course Roadmap'!L2:L113,"Done") -> 3 | D18: =IF(B18=0,0,C18/B18) -> 0.42857143
A19: Phase 6 | B19: =COUNTIF('Course Roadmap'!B2:B113,A19) -> 10 | C19: =COUNTIFS('Course Roadmap'!B2:B113,A19,'Course Roadmap'!L2:L113,"Done") -> 6 | D19: =IF(B19=0,0,C19/B19) -> 0.6
A20: Phase 7 | B20: =COUNTIF('Course Roadmap'!B2:B113,A20) -> 6 | C20: =COUNTIFS('Course Roadmap'!B2:B113,A20,'Course Roadmap'!L2:L113,"Done") -> 0 | D20: =IF(B20=0,0,C20/B20) -> 0
A21: Phase 8 | B21: =COUNTIF('Course Roadmap'!B2:B113,A21) -> 7 | C21: =COUNTIFS('Course Roadmap'!B2:B113,A21,'Course Roadmap'!L2:L113,"Done") -> 0 | D21: =IF(B21=0,0,C21/B21) -> 0
A22: Phase 9 | B22: =COUNTIF('Course Roadmap'!B2:B113,A22) -> 6 | C22: =COUNTIFS('Course Roadmap'!B2:B113,A22,'Course Roadmap'!L2:L113,"Done") -> 0 | D22: =IF(B22=0,0,C22/B22) -> 0
A23: Phase 10 | B23: =COUNTIF('Course Roadmap'!B2:B113,A23) -> 7 | C23: =COUNTIFS('Course Roadmap'!B2:B113,A23,'Course Roadmap'!L2:L113,"Done") -> 0 | D23: =IF(B23=0,0,C23/B23) -> 0
A24: Phase 11 | B24: =COUNTIF('Course Roadmap'!B2:B113,A24) -> 7 | C24: =COUNTIFS('Course Roadmap'!B2:B113,A24,'Course Roadmap'!L2:L113,"Done") -> 0 | D24: =IF(B24=0,0,C24/B24) -> 0
A25: Phase 12 | B25: =COUNTIF('Course Roadmap'!B2:B113,A25) -> 8 | C25: =COUNTIFS('Course Roadmap'!B2:B113,A25,'Course Roadmap'!L2:L113,"Done") -> 0 | D25: =IF(B25=0,0,C25/B25) -> 0
A26: Phase 13 | B26: =COUNTIF('Course Roadmap'!B2:B113,A26) -> 5 | C26: =COUNTIFS('Course Roadmap'!B2:B113,A26,'Course Roadmap'!L2:L113,"Done") -> 0 | D26: =IF(B26=0,0,C26/B26) -> 0
A27: Phase 14 | B27: =COUNTIF('Course Roadmap'!B2:B113,A27) -> 6 | C27: =COUNTIFS('Course Roadmap'!B2:B113,A27,'Course Roadmap'!L2:L113,"Done") -> 0 | D27: =IF(B27=0,0,C27/B27) -> 0
A28: Phase 15 | B28: =COUNTIF('Course Roadmap'!B2:B113,A28) -> 5 | C28: =COUNTIFS('Course Roadmap'!B2:B113,A28,'Course Roadmap'!L2:L113,"Done") -> 0 | D28: =IF(B28=0,0,C28/B28) -> 0
A29: Phase 16 | B29: =COUNTIF('Course Roadmap'!B2:B113,A29) -> 8 | C29: =COUNTIFS('Course Roadmap'!B2:B113,A29,'Course Roadmap'!L2:L113,"Done") -> 0 | D29: =IF(B29=0,0,C29/B29) -> 0

Sheet Prompt Bank
A1: Prompt Type | B1: Reusable Prompt | C1: Use When | D1: Expected Output
A2: Overview Lesson | B2: Teach me [TOPIC] as part of my AI Agent Engineering course. Use minimal theory, practical Python examples, architecture, debugging, common mistakes and interview questions. | C2: Starting a topic | D2: Structured lesson + code + interview prep
A3: Deep Dive | B3: Deep dive into [TOPIC]. Explain mental model, internal flow, production design, trade-offs, failure modes, security, performance and testing. Explain important code line by line. | C3: Going deeper | D3: Advanced implementation lesson
A4: Code Review | B4: Review my implementation of [TOPIC]. Identify correctness, architecture, security, performance, maintainability and interview concerns. Suggest minimal changes first, then ideal production design. | C4: After coding | D4: Actionable review
A5: Debugging | B5: Help me debug [ERROR/BEHAVIOR]. Guide me step-by-step using breakpoints, variables, call stack, F10/F11, logs and tests. Do not jump directly to the final fix. | C5: When stuck | D5: Guided debugging session
A6: Architecture Interview | B6: Ask me a senior-level system design question involving [TOPIC]. Let me answer first, then evaluate scalability, reliability, security, cost, observability and trade-offs. | C6: Interview practice | D6: Score + feedback + model answer
A7: Agent Interview | B7: Interview me on Agentic AI, tool calling, orchestration, memory, RAG and MCP. Ask one question at a time and adapt difficulty. | C7: Agentic AI interview | D7: Interactive mock interview
A8: Revision | B8: Create a one-page revision sheet for [TOPIC] with definitions, architecture, code patterns, mistakes, trade-offs and likely interview questions. | C8: Before interview | D8: Cheat sheet
A9: Project Challenge | B9: Give me an enterprise mini-project using [TOPIC]. Define requirements, acceptance criteria, constraints, tests and interview discussion points. Do not give the solution until I attempt it. | C9: Hands-on learning | D9: Project challenge

Sheet Interview Matrix
A1: Interview Area | B1: Must Explain | C1: Must Code/Design | D1: Typical Senior Question | E1: Course Evidence
A2: Python | B2: Syntax, typing, exceptions, async, testing, debugging | C2: Backend service + tests | D2: How would you structure maintainable Python? | E2: Phase 1
A3: FastAPI | B3: Routing, validation, DI, async, middleware | C3: Production API | D3: How do you design a scalable FastAPI service? | E3: Phase 2
A4: LLM | B4: Tokens, context, prompting, structured output, trade-offs | C4: Provider integration | D4: How do you choose a model? | E4: Phase 3
A5: Multi-LLM | B5: Abstraction, factory, configuration, fallback | C5: Provider switching | D5: How would you support multiple vendors? | E5: Phase 4
A6: Agents | B6: Agent loop, state, planning/execution | C6: Tool-using agent | D6: What makes a system an agent? | E6: Phase 5
A7: Tool Calling | B7: Schemas, selection, execution, validation | C7: Multi-tool loop | D7: Who executes an LLM tool call? | E7: Phase 6
A8: Memory | B8: Context, state, long-term memory | C8: Memory strategy | D8: How do you prevent context explosion? | E8: Phase 7
A9: RAG | B9: Chunking, embeddings, retrieval, grounding, evaluation | C9: RAG pipeline | D9: How do you improve poor retrieval? | E9: Phase 8
A10: MCP | B10: Protocol, server/client, tools/resources | C10: MCP server/client | D10: Why MCP over custom integrations? | E10: Phase 9
A11: Orchestration | B11: Parallelism, retries, routing, approval, async | C11: Reliable workflow | D11: How do you make an agent reliable? | E11: Phase 10
A12: Evaluation | B12: Tracing, quality, safety, cost | C12: Eval/observability | D12: How do you measure an agent? | E12: Phase 11
... A16: Leadership | B16: Technical decisions, mentoring, delivery | C16: Architecture presentation | D16: Tell me about a difficult technical decision. | E16: Phase 16

Sheet Capstone
A1: Milestone | B1: Requirement | C1: Status | D1: Evidence | E1: Interview Story
A2: 1 | B2: FastAPI backend with clean architecture | C2: Not Started
A3: 2 | B3: Provider-neutral LLMService + Factory | C3: Not Started
A4: 3 | B4: Gemini/OpenAI/Claude provider implementations | C4: Not Started
A5: 4 | B5: User-selectable LLM provider | C5: Not Started
A6: 5 | B6: Tool Registry + multiple tools | C6: Not Started
A7: 6 | B7: Full tool-call loop with final LLM response | C7: Not Started
A8: 7 | B8: Conversation state + memory | C8: Not Started
A9: 8 | B9: RAG with citations and evaluation | C9: Not Started
A10: 9 | B10: MCP integration | C10: Not Started
A11: 10 | B11: Parallel/async orchestration with retries | C11: Not Started
A12: 11 | B12: Observability + evaluation + cost tracking | C12: Not Started
A13: 12 | B13: Security, auth, secrets and guardrails | C13: Not Started
... A16: 15 | B16: Final system-design walkthrough | C16: Not Started

Sheet Final Outcome
A1: What You Should Achieve at the End
A3: Python Engineer | B3: Build, test and debug Python/FastAPI services confidently.
A4: LLM Engineer | B4: Explain and implement LLM integrations, prompting and structured outputs.
A5: Agent Engineer | B5: Build agents that reason about tool use and execute tools safely.
A6: Multi-LLM Engineer | B6: Switch between Gemini, OpenAI and Claude using clean abstractions.
A7: RAG Engineer | B7: Build grounded retrieval systems and evaluate retrieval quality.
A8: MCP Engineer | B8: Build and integrate MCP servers/clients and secure tool access.
A9: Orchestration Engineer | B9: Design reliable multi-step, parallel and asynchronous workflows.
A10: AI Platform Engineer | B10: Add observability, evaluation, cost controls, security and deployment.
A11: AI Architect | B11: Defend architecture decisions with scalability, reliability, security and cost trade-offs.
A12: Interview Ready | B12: Answer coding, GenAI, agentic AI, RAG, MCP and system-design questions with practical examples.
A13: Portfolio Ready | B13: Demonstrate and explain a production-style AI Agent platform end-to-end.
A16: Important | B16: No course can literally guarantee any interview outcome. The goal is strong preparation: you should be able to explain, code, debug, design and defend the core topics expected in senior AI Engineer / FDE / Solution Architect interviews.

Sheet 18 Week Plan
A1: Week | B1: Focus | C1: Topics | D1: Expected Output | E1: Interview Practice
A2: 1 | B2: Python core | C2: P01-P05 | D2: Python exercises + clean package structure | E2: Python fundamentals
A3: 2 | B3: Python engineering | C3: P06-P10 | D3: Tests, config and debugging workflow | E3: Python debugging
A4: 3 | B4: FastAPI | C4: P11-P16 | D4: Production-style API | E4: Backend design
A5: 4 | B5: LLM fundamentals | C5: P17-P22 | D5: Prompt and structured-output experiments | E5: LLM concepts
A6: 5 | B6: Provider architecture | C6: P23-P30 | D6: Gemini/OpenAI/Claude abstraction | E6: Multi-LLM design
A7: 6 | B7: Agent fundamentals | C7: P31-P37 | D7: Agent architecture document | E7: Agent vs workflow
A8: 7 | B8: Tool calling | C8: P38-P43 | D8: Tool Registry + calculator | E8: Function calling
A9: 8 | B9: Advanced tools | C9: P44-P47 | D9: Multi-tool agent loop | E9: Tool orchestration
A10: 9 | B10: Memory | C10: P48-P53 | D10: Session/context design | E10: Memory architecture
A11: 10 | B11: RAG | C11: P54-P60 | D11: Working RAG prototype | E11: RAG interview
A12: 11 | B12: MCP | C12: P61-P66 | D12: MCP demo | E12: MCP interview
A13: 12 | B13: Orchestration | C13: P67-P73 | D13: Parallel/retry/approval workflow | E13: Reliability
... A19: 18 | B19: Interview | C19: P105-P112 | D19: Mock interviews + revision | E19: Final interview loop
